pm_id,equipment_id,task,last_maintenance_date,interval_days,next_due_date,status
PM0001,E1038,Bearing Lubrication,2024-09-08,30,2024-10-08,Completed
PM0002,E1045,Electrical Inspection,2024-05-17,90,2024-08-15,Overdue
PM0003,E1006,Electrical Inspection,2024-05-07,90,2024-08-05,Scheduled
PM0004,E1013,Bearing Lubrication,2024-02-05,60,2024-04-05,Completed
PM0005,E1017,Electrical Inspection,2024-02-07,90,2024-05-07,Completed
PM0006,E1033,Pressure Check,2024-06-17,30,2024-07-17,Completed
PM0007,E1042,Electrical Inspection,2024-08-20,90,2024-11-18,Completed
PM0008,E1035,Bearing Lubrication,2024-02-19,90,2024-05-19,Completed
PM0009,E1010,Bearing Lubrication,2024-01-29,30,2024-02-28,Completed
PM0010,E1047,Bearing Lubrication,2024-09-18,30,2024-10-18,Scheduled
PM0011,E1002,Bearing Lubrication,2024-03-16,60,2024-05-15,Completed
PM0012,E1005,Electrical Inspection,2024-10-27,30,2024-11-26,Overdue
PM0013,E1003,Pressure Check,2024-07-30,30,2024-08-29,Scheduled
PM0014,E1048,Seal Inspection,2024-08-25,180,2025-02-21,Overdue
PM0015,E1022,Electrical Inspection,2024-02-22,30,2024-03-23,Completed
PM0016,E1006,Bearing Lubrication,2024-09-22,90,2024-12-21,Overdue
PM0017,E1022,Pressure Check,2024-03-27,90,2024-06-25,Completed
PM0018,E1026,Electrical Inspection,2024-05-22,180,2024-11-18,Overdue
PM0019,E1016,Seal Inspection,2024-09-23,90,2024-12-22,Completed
PM0020,E1006,Bearing Lubrication,2024-04-22,180,2024-10-19,Scheduled
PM0021,E1017,Electrical Inspection,2024-06-05,60,2024-08-04,Overdue
PM0022,E1005,Pressure Check,2024-08-18,30,2024-09-17,Overdue
PM0023,E1032,Seal Inspection,2024-03-05,90,2024-06-03,Scheduled
PM0024,E1018,Seal Inspection,2024-10-20,90,2025-01-18,Scheduled
PM0025,E1043,Seal Inspection,2024-05-30,30,2024-06-29,Scheduled
PM0026,E1010,Pressure Check,2024-05-20,30,2024-06-19,Scheduled
PM0027,E1034,Bearing Lubrication,2024-04-18,60,2024-06-17,Completed
PM0028,E1038,Bearing Lubrication,2024-01-08,180,2024-07-06,Completed
PM0029,E1031,Seal Inspection,2024-09-15,60,2024-11-14,Completed
PM0030,E1002,Electrical Inspection,2024-09-01,30,2024-10-01,Scheduled
PM0031,E1009,Pressure Check,2024-10-25,30,2024-11-24,Scheduled
PM0032,E1046,Bearing Lubrication,2024-09-06,90,2024-12-05,Scheduled
PM0033,E1029,Bearing Lubrication,2024-07-18,30,2024-08-17,Completed
PM0034,E1011,Seal Inspection,2024-04-16,30,2024-05-16,Scheduled
PM0035,E1006,Bearing Lubrication,2024-07-19,30,2024-08-18,Overdue
PM0036,E1039,Bearing Lubrication,2024-07-30,180,2025-01-26,Overdue
PM0037,E1020,Pressure Check,2024-10-19,30,2024-11-18,Completed
PM0038,E1020,Electrical Inspection,2024-09-07,180,2025-03-06,Completed
PM0039,E1039,Electrical Inspection,2024-06-30,90,2024-09-28,Completed
PM0040,E1027,Seal Inspection,2024-04-18,180,2024-10-15,Completed
PM0041,E1012,Bearing Lubrication,2024-10-15,90,2025-01-13,Overdue
PM0042,E1026,Bearing Lubrication,2024-06-18,90,2024-09-16,Completed
PM0043,E1001,Electrical Inspection,2024-05-19,180,2024-11-15,Scheduled
PM0044,E1031,Pressure Check,2024-09-21,30,2024-10-21,Completed
PM0045,E1015,Seal Inspection,2024-06-25,30,2024-07-25,Overdue
PM0046,E1018,Electrical Inspection,2024-05-11,30,2024-06-10,Completed
PM0047,E1019,Pressure Check,2024-08-02,30,2024-09-01,Overdue
PM0048,E1037,Bearing Lubrication,2024-06-17,60,2024-08-16,Overdue
PM0049,E1013,Electrical Inspection,2024-07-10,180,2025-01-06,Overdue
PM0050,E1003,Seal Inspection,2024-10-02,180,2025-03-31,Completed
PM0051,E1034,Electrical Inspection,2024-01-14,90,2024-04-13,Overdue
PM0052,E1026,Seal Inspection,2024-01-18,60,2024-03-18,Overdue
PM0053,E1003,Seal Inspection,2024-09-30,30,2024-10-30,Scheduled
PM0054,E1019,Pressure Check,2024-10-21,90,2025-01-19,Completed
PM0055,E1028,Pressure Check,2024-01-26,90,2024-04-25,Overdue
PM0056,E1049,Seal Inspection,2024-05-15,60,2024-07-14,Completed
PM0057,E1050,Seal Inspection,2024-03-07,90,2024-06-05,Completed
PM0058,E1020,Electrical Inspection,2024-08-08,60,2024-10-07,Overdue
PM0059,E1002,Pressure Check,2024-02-19,180,2024-08-17,Completed
PM0060,E1029,Pressure Check,2024-02-07,60,2024-04-07,Completed
PM0061,E1009,Seal Inspection,2024-05-25,90,2024-08-23,Scheduled
PM0062,E1031,Electrical Inspection,2024-09-07,60,2024-11-06,Scheduled
PM0063,E1033,Pressure Check,2024-10-20,90,2025-01-18,Overdue
PM0064,E1010,Electrical Inspection,2024-09-13,90,2024-12-12,Completed
PM0065,E1015,Electrical Inspection,2024-07-16,60,2024-09-14,Overdue
PM0066,E1032,Electrical Inspection,2024-08-18,180,2025-02-14,Completed
PM0067,E1007,Electrical Inspection,2024-04-02,180,2024-09-29,Completed
PM0068,E1024,Pressure Check,2024-02-27,60,2024-04-27,Scheduled
PM0069,E1022,Seal Inspection,2024-07-15,60,2024-09-13,Completed
PM0070,E1041,Seal Inspection,2024-01-08,180,2024-07-06,Completed
PM0071,E1030,Electrical Inspection,2024-01-26,60,2024-03-26,Completed
PM0072,E1039,Seal Inspection,2024-02-23,180,2024-08-21,Overdue
PM0073,E1025,Pressure Check,2024-05-25,60,2024-07-24,Scheduled
PM0074,E1047,Bearing Lubrication,2024-10-20,30,2024-11-19,Completed
PM0075,E1044,Seal Inspection,2024-02-24,90,2024-05-24,Overdue
PM0076,E1024,Pressure Check,2024-10-06,30,2024-11-05,Scheduled
PM0077,E1040,Bearing Lubrication,2024-01-24,180,2024-07-22,Overdue
PM0078,E1005,Electrical Inspection,2024-03-30,60,2024-05-29,Completed
PM0079,E1020,Seal Inspection,2024-03-11,180,2024-09-07,Completed
PM0080,E1039,Bearing Lubrication,2024-02-03,90,2024-05-03,Scheduled
PM0081,E1029,Seal Inspection,2024-09-19,60,2024-11-18,Overdue
PM0082,E1036,Seal Inspection,2024-03-22,90,2024-06-20,Overdue
PM0083,E1029,Electrical Inspection,2024-07-05,90,2024-10-03,Scheduled
PM0084,E1040,Bearing Lubrication,2024-04-11,60,2024-06-10,Scheduled
PM0085,E1020,Electrical Inspection,2024-01-22,90,2024-04-21,Overdue
PM0086,E1006,Pressure Check,2024-09-09,90,2024-12-08,Completed
PM0087,E1022,Pressure Check,2024-05-23,90,2024-08-21,Completed
PM0088,E1013,Seal Inspection,2024-01-13,30,2024-02-12,Completed
PM0089,E1021,Seal Inspection,2024-03-07,180,2024-09-03,Overdue
PM0090,E1013,Seal Inspection,2024-05-29,180,2024-11-25,Scheduled
PM0091,E1014,Electrical Inspection,2024-06-03,180,2024-11-30,Completed
PM0092,E1048,Pressure Check,2024-01-30,60,2024-03-30,Scheduled
PM0093,E1044,Bearing Lubrication,2024-01-27,30,2024-02-26,Completed
PM0094,E1011,Seal Inspection,2024-10-16,180,2025-04-14,Completed
PM0095,E1043,Pressure Check,2024-09-10,180,2025-03-09,Completed
PM0096,E1043,Bearing Lubrication,2024-05-24,180,2024-11-20,Scheduled
PM0097,E1016,Seal Inspection,2024-08-01,90,2024-10-30,Completed
PM0098,E1008,Pressure Check,2024-07-01,90,2024-09-29,Scheduled
PM0099,E1044,Seal Inspection,2024-08-12,30,2024-09-11,Completed
PM0100,E1025,Electrical Inspection,2024-06-09,60,2024-08-08,Completed
PM0101,E1005,Seal Inspection,2024-03-22,90,2024-06-20,Completed
PM0102,E1007,Bearing Lubrication,2024-06-24,180,2024-12-21,Scheduled
PM0103,E1042,Bearing Lubrication,2024-04-22,60,2024-06-21,Overdue
PM0104,E1047,Seal Inspection,2024-06-03,60,2024-08-02,Completed
PM0105,E1001,Pressure Check,2024-10-04,90,2025-01-02,Completed
PM0106,E1004,Pressure Check,2024-08-11,30,2024-09-10,Overdue
PM0107,E1015,Electrical Inspection,2024-08-11,60,2024-10-10,Overdue
PM0108,E1044,Pressure Check,2024-06-18,60,2024-08-17,Scheduled
PM0109,E1017,Bearing Lubrication,2024-05-27,30,2024-06-26,Completed
PM0110,E1012,Bearing Lubrication,2024-01-24,30,2024-02-23,Scheduled
PM0111,E1045,Seal Inspection,2024-02-03,30,2024-03-04,Scheduled
PM0112,E1016,Bearing Lubrication,2024-10-02,30,2024-11-01,Overdue
PM0113,E1047,Electrical Inspection,2024-03-28,180,2024-09-24,Overdue
PM0114,E1039,Bearing Lubrication,2024-03-27,60,2024-05-26,Overdue
PM0115,E1025,Electrical Inspection,2024-06-24,60,2024-08-23,Scheduled
PM0116,E1025,Electrical Inspection,2024-06-01,30,2024-07-01,Scheduled
PM0117,E1033,Bearing Lubrication,2024-06-11,30,2024-07-11,Scheduled
PM0118,E1003,Bearing Lubrication,2024-06-12,60,2024-08-11,Completed
PM0119,E1036,Seal Inspection,2024-08-01,60,2024-09-30,Scheduled
PM0120,E1005,Bearing Lubrication,2024-07-15,30,2024-08-14,Completed
